frame,time,x,y,template_correlation
4.200000000000000000e+02,7.000000000000000000e+00,1.031000000000000000e+03,6.020000000000000000e+02,9.872032403945922852e-01
4.210000000000000000e+02,7.016666666666666607e+00,1.033000000000000000e+03,6.010000000000000000e+02,9.783585667610168457e-01
4.220000000000000000e+02,7.033333333333333215e+00,1.035000000000000000e+03,6.010000000000000000e+02,9.924237132072448730e-01
4.230000000000000000e+02,7.049999999999999822e+00,1.036000000000000000e+03,6.010000000000000000e+02,9.861278533935546875e-01
4.240000000000000000e+02,7.066666666666666430e+00,1.038000000000000000e+03,6.010000000000000000e+02,9.732257127761840820e-01
4.250000000000000000e+02,7.083333333333333037e+00,1.039000000000000000e+03,6.020000000000000000e+02,9.791222810745239258e-01
4.260000000000000000e+02,7.099999999999999645e+00,1.041000000000000000e+03,6.030000000000000000e+02,9.661477804183959961e-01
4.270000000000000000e+02,7.116666666666666252e+00,1.042000000000000000e+03,6.040000000000000000e+02,9.502757191658020020e-01
4.280000000000000000e+02,7.133333333333333748e+00,1.043000000000000000e+03,6.050000000000000000e+02,9.382998943328857422e-01
4.290000000000000000e+02,7.150000000000000355e+00,1.044000000000000000e+03,6.060000000000000000e+02,9.237414598464965820e-01
4.300000000000000000e+02,7.166666666666666963e+00,1.044000000000000000e+03,6.070000000000000000e+02,9.076335430145263672e-01
4.310000000000000000e+02,7.183333333333333570e+00,1.044000000000000000e+03,6.080000000000000000e+02,8.930693864822387695e-01
4.320000000000000000e+02,7.200000000000000178e+00,1.045000000000000000e+03,6.100000000000000000e+02,8.565002083778381348e-01
4.330000000000000000e+02,7.216666666666666785e+00,1.045000000000000000e+03,6.110000000000000000e+02,8.398140668869018555e-01
4.340000000000000000e+02,7.233333333333333393e+00,1.045000000000000000e+03,6.120000000000000000e+02,8.247432112693786621e-01
4.350000000000000000e+02,7.250000000000000000e+00,1.044000000000000000e+03,6.130000000000000000e+02,8.126829862594604492e-01
4.360000000000000000e+02,7.266666666666666607e+00,1.043000000000000000e+03,6.130000000000000000e+02,8.010336756706237793e-01
4.370000000000000000e+02,7.283333333333333215e+00,1.041000000000000000e+03,6.130000000000000000e+02,7.899755835533142090e-01
4.380000000000000000e+02,7.299999999999999822e+00,1.040000000000000000e+03,6.130000000000000000e+02,7.811253070831298828e-01
4.390000000000000000e+02,7.316666666666666430e+00,1.040000000000000000e+03,6.130000000000000000e+02,7.769591808319091797e-01
4.400000000000000000e+02,7.333333333333333037e+00,1.038000000000000000e+03,6.120000000000000000e+02,7.738500237464904785e-01
4.410000000000000000e+02,7.349999999999999645e+00,1.037000000000000000e+03,6.120000000000000000e+02,7.745441198348999023e-01
4.420000000000000000e+02,7.366666666666666252e+00,1.035000000000000000e+03,6.110000000000000000e+02,7.773472666740417480e-01
4.430000000000000000e+02,7.383333333333333748e+00,1.033000000000000000e+03,6.100000000000000000e+02,7.815763354301452637e-01
4.440000000000000000e+02,7.400000000000000355e+00,1.030000000000000000e+03,6.080000000000000000e+02,7.821959257125854492e-01
4.450000000000000000e+02,7.416666666666666963e+00,1.027000000000000000e+03,6.070000000000000000e+02,7.930424809455871582e-01
4.460000000000000000e+02,7.433333333333333570e+00,1.025000000000000000e+03,6.060000000000000000e+02,7.984018325805664062e-01
4.470000000000000000e+02,7.450000000000000178e+00,1.023000000000000000e+03,6.050000000000000000e+02,8.055388331413269043e-01
4.480000000000000000e+02,7.466666666666666785e+00,1.021000000000000000e+03,6.040000000000000000e+02,8.125278949737548828e-01
4.490000000000000000e+02,7.483333333333333393e+00,1.017000000000000000e+03,6.030000000000000000e+02,8.168660402297973633e-01
4.500000000000000000e+02,7.500000000000000000e+00,1.016000000000000000e+03,6.030000000000000000e+02,8.260882496833801270e-01
4.510000000000000000e+02,7.516666666666666607e+00,1.014000000000000000e+03,6.030000000000000000e+02,8.305464982986450195e-01
4.520000000000000000e+02,7.533333333333333215e+00,1.012000000000000000e+03,6.030000000000000000e+02,8.366719484329223633e-01
4.530000000000000000e+02,7.549999999999999822e+00,1.010000000000000000e+03,6.040000000000000000e+02,8.433229327201843262e-01
4.540000000000000000e+02,7.566666666666666430e+00,1.008000000000000000e+03,6.050000000000000000e+02,8.574369549751281738e-01
4.550000000000000000e+02,7.583333333333333037e+00,1.007000000000000000e+03,6.070000000000000000e+02,8.608757853507995605e-01
4.560000000000000000e+02,7.599999999999999645e+00,1.006000000000000000e+03,6.090000000000000000e+02,8.629099130630493164e-01
4.570000000000000000e+02,7.616666666666666252e+00,1.005000000000000000e+03,6.110000000000000000e+02,8.621941804885864258e-01
4.580000000000000000e+02,7.633333333333333748e+00,1.004000000000000000e+03,6.130000000000000000e+02,8.577901721000671387e-01
4.590000000000000000e+02,7.650000000000000355e+00,1.004000000000000000e+03,6.140000000000000000e+02,8.510607481002807617e-01
4.600000000000000000e+02,7.666666666666666963e+00,1.004000000000000000e+03,6.160000000000000000e+02,8.605028986930847168e-01
4.610000000000000000e+02,7.683333333333333570e+00,1.005000000000000000e+03,6.180000000000000000e+02,8.455221652984619141e-01
4.620000000000000000e+02,7.700000000000000178e+00,1.006000000000000000e+03,6.200000000000000000e+02,8.466257452964782715e-01
4.630000000000000000e+02,7.716666666666666785e+00,1.007000000000000000e+03,6.220000000000000000e+02,8.429856300354003906e-01
4.640000000000000000e+02,7.733333333333333393e+00,1.008000000000000000e+03,6.220000000000000000e+02,8.390440344810485840e-01
4.650000000000000000e+02,7.750000000000000000e+00,1.009000000000000000e+03,6.230000000000000000e+02,8.430994749069213867e-01
4.660000000000000000e+02,7.766666666666666607e+00,1.010000000000000000e+03,6.230000000000000000e+02,8.432422280311584473e-01
4.670000000000000000e+02,7.783333333333333215e+00,1.012000000000000000e+03,6.220000000000000000e+02,8.553103804588317871e-01
4.680000000000000000e+02,7.799999999999999822e+00,1.013000000000000000e+03,6.210000000000000000e+02,8.644788861274719238e-01
4.690000000000000000e+02,7.816666666666666430e+00,1.015000000000000000e+03,6.190000000000000000e+02,8.716604113578796387e-01
4.700000000000000000e+02,7.833333333333333037e+00,1.017000000000000000e+03,6.170000000000000000e+02,8.808408975601196289e-01
4.710000000000000000e+02,7.849999999999999645e+00,1.019000000000000000e+03,6.150000000000000000e+02,8.955748677253723145e-01
4.720000000000000000e+02,7.866666666666666252e+00,1.021000000000000000e+03,6.130000000000000000e+02,9.159423112869262695e-01
4.730000000000000000e+02,7.883333333333333748e+00,1.022000000000000000e+03,6.110000000000000000e+02,9.357530474662780762e-01
4.740000000000000000e+02,7.900000000000000355e+00,1.024000000000000000e+03,6.090000000000000000e+02,9.451351165771484375e-01
4.750000000000000000e+02,7.916666666666666963e+00,1.026000000000000000e+03,6.070000000000000000e+02,9.526007175445556641e-01
4.760000000000000000e+02,7.933333333333333570e+00,1.028000000000000000e+03,6.050000000000000000e+02,9.709975719451904297e-01
4.770000000000000000e+02,7.950000000000000178e+00,1.030000000000000000e+03,6.030000000000000000e+02,9.818027615547180176e-01
4.780000000000000000e+02,7.966666666666666785e+00,1.032000000000000000e+03,6.020000000000000000e+02,9.860039353370666504e-01
4.790000000000000000e+02,7.983333333333333393e+00,1.033000000000000000e+03,6.010000000000000000e+02,9.845722913742065430e-01
4.800000000000000000e+02,8.000000000000000000e+00,1.035000000000000000e+03,6.010000000000000000e+02,9.999982118606567383e-01
4.810000000000000000e+02,8.016666666666667496e+00,1.037000000000000000e+03,6.010000000000000000e+02,9.891660213470458984e-01
4.820000000000000000e+02,8.033333333333333215e+00,1.038000000000000000e+03,6.010000000000000000e+02,9.715213179588317871e-01
4.830000000000000000e+02,8.050000000000000711e+00,1.040000000000000000e+03,6.020000000000000000e+02,9.777843952178955078e-01
4.840000000000000000e+02,8.066666666666666430e+00,1.041000000000000000e+03,6.030000000000000000e+02,9.683647751808166504e-01
4.850000000000000000e+02,8.083333333333333925e+00,1.042000000000000000e+03,6.040000000000000000e+02,9.543389081954956055e-01
4.860000000000000000e+02,8.099999999999999645e+00,1.043000000000000000e+03,6.050000000000000000e+02,9.402363300323486328e-01
4.870000000000000000e+02,8.116666666666667140e+00,1.044000000000000000e+03,6.060000000000000000e+02,9.229140281677246094e-01
4.880000000000000000e+02,8.133333333333332860e+00,1.044000000000000000e+03,6.070000000000000000e+02,9.099791646003723145e-01
4.890000000000000000e+02,8.150000000000000355e+00,1.044000000000000000e+03,6.080000000000000000e+02,8.946256637573242188e-01
4.900000000000000000e+02,8.166666666666666075e+00,1.045000000000000000e+03,6.090000000000000000e+02,8.726579546928405762e-01
4.910000000000000000e+02,8.183333333333333570e+00,1.045000000000000000e+03,6.100000000000000000e+02,8.588180541992187500e-01
4.920000000000000000e+02,8.199999999999999289e+00,1.045000000000000000e+03,6.120000000000000000e+02,8.270773291587829590e-01
4.930000000000000000e+02,8.216666666666666785e+00,1.045000000000000000e+03,6.130000000000000000e+02,8.130967020988464355e-01
4.940000000000000000e+02,8.233333333333332504e+00,1.043000000000000000e+03,6.130000000000000000e+02,8.026364445686340332e-01
4.950000000000000000e+02,8.250000000000000000e+00,1.041000000000000000e+03,6.130000000000000000e+02,7.933440208435058594e-01
4.960000000000000000e+02,8.266666666666667496e+00,1.040000000000000000e+03,6.130000000000000000e+02,7.871674895286560059e-01
4.970000000000000000e+02,8.283333333333333215e+00,1.040000000000000000e+03,6.130000000000000000e+02,7.821006178855895996e-01
4.980000000000000000e+02,8.300000000000000711e+00,1.038000000000000000e+03,6.120000000000000000e+02,7.789524793624877930e-01
4.990000000000000000e+02,8.316666666666666430e+00,1.037000000000000000e+03,6.120000000000000000e+02,7.783400416374206543e-01
5.000000000000000000e+02,8.333333333333333925e+00,1.035000000000000000e+03,6.110000000000000000e+02,7.778819203376770020e-01
5.010000000000000000e+02,8.349999999999999645e+00,1.033000000000000000e+03,6.100000000000000000e+02,7.824715375900268555e-01
5.020000000000000000e+02,8.366666666666667140e+00,1.029000000000000000e+03,6.080000000000000000e+02,7.888667583465576172e-01
5.030000000000000000e+02,8.383333333333332860e+00,1.027000000000000000e+03,6.070000000000000000e+02,7.984626889228820801e-01
5.040000000000000000e+02,8.400000000000000355e+00,1.025000000000000000e+03,6.060000000000000000e+02,8.052163124084472656e-01
5.050000000000000000e+02,8.416666666666666075e+00,1.023000000000000000e+03,6.050000000000000000e+02,8.123307824134826660e-01
5.060000000000000000e+02,8.433333333333333570e+00,1.020000000000000000e+03,6.040000000000000000e+02,8.171262741088867188e-01
5.070000000000000000e+02,8.449999999999999289e+00,1.017000000000000000e+03,6.030000000000000000e+02,8.263603448867797852e-01
5.080000000000000000e+02,8.466666666666666785e+00,1.016000000000000000e+03,6.030000000000000000e+02,8.328623771667480469e-01
5.090000000000000000e+02,8.483333333333332504e+00,1.014000000000000000e+03,6.030000000000000000e+02,8.331412076950073242e-01
5.100000000000000000e+02,8.500000000000000000e+00,1.012000000000000000e+03,6.030000000000000000e+02,8.427233695983886719e-01
5.110000000000000000e+02,8.516666666666667496e+00,1.010000000000000000e+03,6.040000000000000000e+02,8.455246090888977051e-01
5.120000000000000000e+02,8.533333333333333215e+00,1.008000000000000000e+03,6.050000000000000000e+02,8.560416102409362793e-01
5.130000000000000000e+02,8.550000000000000711e+00,1.007000000000000000e+03,6.070000000000000000e+02,8.631534576416015625e-01
5.140000000000000000e+02,8.566666666666666430e+00,1.006000000000000000e+03,6.090000000000000000e+02,8.648216724395751953e-01
5.150000000000000000e+02,8.583333333333333925e+00,1.005000000000000000e+03,6.110000000000000000e+02,8.619421124458312988e-01
5.160000000000000000e+02,8.599999999999999645e+00,1.004000000000000000e+03,6.130000000000000000e+02,8.583989143371582031e-01
5.170000000000000000e+02,8.616666666666667140e+00,1.004000000000000000e+03,6.150000000000000000e+02,8.555151224136352539e-01
5.180000000000000000e+02,8.633333333333332860e+00,1.004000000000000000e+03,6.160000000000000000e+02,8.596013188362121582e-01
5.190000000000000000e+02,8.650000000000000355e+00,1.005000000000000000e+03,6.180000000000000000e+02,8.528203964233398438e-01
5.200000000000000000e+02,8.666666666666666075e+00,1.005000000000000000e+03,6.190000000000000000e+02,8.532951474189758301e-01
5.210000000000000000e+02,8.683333333333333570e+00,1.006000000000000000e+03,6.210000000000000000e+02,8.465135693550109863e-01
5.220000000000000000e+02,8.699999999999999289e+00,1.008000000000000000e+03,6.220000000000000000e+02,8.432399630546569824e-01
5.230000000000000000e+02,8.716666666666666785e+00,1.009000000000000000e+03,6.230000000000000000e+02,8.479675650596618652e-01
5.240000000000000000e+02,8.733333333333332504e+00,1.010000000000000000e+03,6.230000000000000000e+02,8.439801931381225586e-01
5.250000000000000000e+02,8.750000000000000000e+00,1.012000000000000000e+03,6.220000000000000000e+02,8.608928322792053223e-01
5.260000000000000000e+02,8.766666666666667496e+00,1.013000000000000000e+03,6.210000000000000000e+02,8.591876626014709473e-01
5.270000000000000000e+02,8.783333333333333215e+00,1.015000000000000000e+03,6.190000000000000000e+02,8.698783516883850098e-01
5.280000000000000000e+02,8.800000000000000711e+00,1.017000000000000000e+03,6.170000000000000000e+02,8.848642706871032715e-01
5.290000000000000000e+02,8.816666666666666430e+00,1.019000000000000000e+03,6.150000000000000000e+02,8.979795575141906738e-01
5.300000000000000000e+02,8.833333333333333925e+00,1.021000000000000000e+03,6.130000000000000000e+02,9.158694744110107422e-01
5.310000000000000000e+02,8.849999999999999645e+00,1.023000000000000000e+03,6.110000000000000000e+02,9.289566278457641602e-01
5.320000000000000000e+02,8.866666666666667140e+00,1.024000000000000000e+03,6.080000000000000000e+02,9.339206218719482422e-01
5.330000000000000000e+02,8.883333333333332860e+00,1.026000000000000000e+03,6.060000000000000000e+02,9.473292827606201172e-01
5.340000000000000000e+02,8.900000000000000355e+00,1.028000000000000000e+03,6.050000000000000000e+02,9.626960158348083496e-01
5.350000000000000000e+02,8.916666666666666075e+00,1.030000000000000000e+03,6.030000000000000000e+02,9.827305078506469727e-01
5.360000000000000000e+02,8.933333333333333570e+00,1.032000000000000000e+03,6.020000000000000000e+02,9.859795570373535156e-01
5.370000000000000000e+02,8.949999999999999289e+00,1.033000000000000000e+03,6.010000000000000000e+02,9.830952286720275879e-01
5.380000000000000000e+02,8.966666666666666785e+00,1.035000000000000000e+03,6.010000000000000000e+02,9.930143952369689941e-01
5.390000000000000000e+02,8.983333333333332504e+00,1.037000000000000000e+03,6.010000000000000000e+02,9.885749816894531250e-01
5.400000000000000000e+02,9.000000000000000000e+00,1.038000000000000000e+03,6.020000000000000000e+02,9.708225131034851074e-01
5.410000000000000000e+02,9.016666666666667496e+00,1.040000000000000000e+03,6.020000000000000000e+02,9.783838987350463867e-01
5.420000000000000000e+02,9.033333333333333215e+00,1.041000000000000000e+03,6.030000000000000000e+02,9.708531498908996582e-01
5.430000000000000000e+02,9.050000000000000711e+00,1.042000000000000000e+03,6.040000000000000000e+02,9.552971720695495605e-01
5.440000000000000000e+02,9.066666666666666430e+00,1.043000000000000000e+03,6.050000000000000000e+02,9.391537308692932129e-01
5.450000000000000000e+02,9.083333333333333925e+00,1.044000000000000000e+03,6.060000000000000000e+02,9.250177145004272461e-01
5.460000000000000000e+02,9.099999999999999645e+00,1.044000000000000000e+03,6.070000000000000000e+02,9.091615080833435059e-01
5.470000000000000000e+02,9.116666666666667140e+00,1.045000000000000000e+03,6.080000000000000000e+02,8.910658955574035645e-01
5.480000000000000000e+02,9.133333333333332860e+00,1.045000000000000000e+03,6.090000000000000000e+02,8.717268109321594238e-01
5.490000000000000000e+02,9.150000000000000355e+00,1.044000000000000000e+03,6.100000000000000000e+02,8.567373156547546387e-01
5.500000000000000000e+02,9.166666666666666075e+00,1.045000000000000000e+03,6.110000000000000000e+02,8.382309675216674805e-01
5.510000000000000000e+02,9.183333333333333570e+00,1.045000000000000000e+03,6.120000000000000000e+02,8.255798220634460449e-01
5.520000000000000000e+02,9.199999999999999289e+00,1.043000000000000000e+03,6.130000000000000000e+02,8.000927567481994629e-01
5.530000000000000000e+02,9.216666666666666785e+00,1.041000000000000000e+03,6.130000000000000000e+02,7.934617400169372559e-01
5.540000000000000000e+02,9.233333333333332504e+00,1.041000000000000000e+03,6.130000000000000000e+02,7.852358222007751465e-01
5.550000000000000000e+02,9.250000000000000000e+00,1.040000000000000000e+03,6.130000000000000000e+02,7.833231091499328613e-01
5.560000000000000000e+02,9.266666666666667496e+00,1.038000000000000000e+03,6.120000000000000000e+02,7.798697352409362793e-01
5.570000000000000000e+02,9.283333333333333215e+00,1.035000000000000000e+03,6.110000000000000000e+02,7.792168259620666504e-01
5.580000000000000000e+02,9.300000000000000711e+00,1.035000000000000000e+03,6.110000000000000000e+02,7.789620161056518555e-01
5.590000000000000000e+02,9.316666666666666430e+00,1.031000000000000000e+03,6.090000000000000000e+02,7.823986411094665527e-01
5.600000000000000000e+02,9.333333333333333925e+00,1.029000000000000000e+03,6.080000000000000000e+02,7.906273603439331055e-01
5.610000000000000000e+02,9.349999999999999645e+00,1.027000000000000000e+03,6.070000000000000000e+02,8.008878231048583984e-01
5.620000000000000000e+02,9.366666666666667140e+00,1.025000000000000000e+03,6.060000000000000000e+02,8.068740367889404297e-01
5.630000000000000000e+02,9.383333333333332860e+00,1.023000000000000000e+03,6.050000000000000000e+02,8.176784515380859375e-01
5.640000000000000000e+02,9.400000000000000355e+00,1.020000000000000000e+03,6.040000000000000000e+02,8.227195739746093750e-01
5.650000000000000000e+02,9.416666666666666075e+00,1.017000000000000000e+03,6.030000000000000000e+02,8.265506625175476074e-01
5.660000000000000000e+02,9.433333333333333570e+00,1.016000000000000000e+03,6.030000000000000000e+02,8.345153927803039551e-01
5.670000000000000000e+02,9.449999999999999289e+00,1.013000000000000000e+03,6.020000000000000000e+02,8.396658897399902344e-01
5.680000000000000000e+02,9.466666666666666785e+00,1.011000000000000000e+03,6.030000000000000000e+02,8.511974811553955078e-01
5.690000000000000000e+02,9.483333333333332504e+00,1.010000000000000000e+03,6.040000000000000000e+02,8.554238080978393555e-01
5.700000000000000000e+02,9.500000000000000000e+00,1.008000000000000000e+03,6.050000000000000000e+02,8.614007234573364258e-01
5.710000000000000000e+02,9.516666666666667496e+00,1.007000000000000000e+03,6.070000000000000000e+02,8.646761775016784668e-01
5.720000000000000000e+02,9.533333333333333215e+00,1.006000000000000000e+03,6.090000000000000000e+02,8.622461557388305664e-01
5.730000000000000000e+02,9.550000000000000711e+00,1.005000000000000000e+03,6.110000000000000000e+02,8.577097654342651367e-01
5.740000000000000000e+02,9.566666666666666430e+00,1.004000000000000000e+03,6.130000000000000000e+02,8.585753440856933594e-01
5.750000000000000000e+02,9.583333333333333925e+00,1.004000000000000000e+03,6.150000000000000000e+02,8.619899749755859375e-01
5.760000000000000000e+02,9.599999999999999645e+00,1.004000000000000000e+03,6.160000000000000000e+02,8.627954721450805664e-01
5.770000000000000000e+02,9.616666666666667140e+00,1.005000000000000000e+03,6.180000000000000000e+02,8.542875051498413086e-01
5.780000000000000000e+02,9.633333333333332860e+00,1.005000000000000000e+03,6.190000000000000000e+02,8.533626794815063477e-01
5.790000000000000000e+02,9.650000000000000355e+00,1.006000000000000000e+03,6.210000000000000000e+02,8.505856990814208984e-01
5.800000000000000000e+02,9.666666666666666075e+00,1.007000000000000000e+03,6.220000000000000000e+02,8.533371686935424805e-01
5.810000000000000000e+02,9.683333333333333570e+00,1.009000000000000000e+03,6.230000000000000000e+02,8.522006273269653320e-01
5.820000000000000000e+02,9.699999999999999289e+00,1.010000000000000000e+03,6.230000000000000000e+02,8.475314378738403320e-01
5.830000000000000000e+02,9.716666666666666785e+00,1.012000000000000000e+03,6.220000000000000000e+02,8.612425923347473145e-01
5.840000000000000000e+02,9.733333333333332504e+00,1.014000000000000000e+03,6.210000000000000000e+02,8.589200973510742188e-01
5.850000000000000000e+02,9.750000000000000000e+00,1.015000000000000000e+03,6.190000000000000000e+02,8.722074031829833984e-01
5.860000000000000000e+02,9.766666666666667496e+00,1.017000000000000000e+03,6.170000000000000000e+02,8.783088326454162598e-01
5.870000000000000000e+02,9.783333333333333215e+00,1.018000000000000000e+03,6.160000000000000000e+02,8.967949151992797852e-01
5.880000000000000000e+02,9.800000000000000711e+00,1.020000000000000000e+03,6.140000000000000000e+02,9.123345613479614258e-01
5.890000000000000000e+02,9.816666666666666430e+00,1.022000000000000000e+03,6.120000000000000000e+02,9.268531799316406250e-01
5.900000000000000000e+02,9.833333333333333925e+00,1.023000000000000000e+03,6.100000000000000000e+02,9.269300699234008789e-01
5.910000000000000000e+02,9.849999999999999645e+00,1.025000000000000000e+03,6.090000000000000000e+02,9.541790485382080078e-01
5.920000000000000000e+02,9.866666666666667140e+00,1.027000000000000000e+03,6.080000000000000000e+02,9.557887911796569824e-01
5.930000000000000000e+02,9.883333333333332860e+00,1.029000000000000000e+03,6.070000000000000000e+02,9.678694605827331543e-01
5.940000000000000000e+02,9.900000000000000355e+00,1.031000000000000000e+03,6.060000000000000000e+02,9.633796811103820801e-01
5.950000000000000000e+02,9.916666666666666075e+00,1.033000000000000000e+03,6.070000000000000000e+02,9.752157330513000488e-01
5.960000000000000000e+02,9.933333333333333570e+00,1.034000000000000000e+03,6.080000000000000000e+02,9.740490317344665527e-01
5.970000000000000000e+02,9.949999999999999289e+00,1.036000000000000000e+03,6.090000000000000000e+02,9.752216339111328125e-01
5.980000000000000000e+02,9.966666666666666785e+00,1.037000000000000000e+03,6.110000000000000000e+02,9.696399569511413574e-01
5.990000000000000000e+02,9.983333333333332504e+00,1.039000000000000000e+03,6.140000000000000000e+02,9.748601913452148438e-01
6.000000000000000000e+02,1.000000000000000000e+01,1.040000000000000000e+03,6.170000000000000000e+02,9.635020494461059570e-01
6.010000000000000000e+02,1.001666666666666750e+01,1.040000000000000000e+03,6.210000000000000000e+02,9.433046579360961914e-01
6.020000000000000000e+02,1.003333333333333321e+01,1.041000000000000000e+03,6.260000000000000000e+02,9.244926571846008301e-01
6.030000000000000000e+02,1.005000000000000071e+01,1.040000000000000000e+03,6.290000000000000000e+02,9.025059342384338379e-01
6.040000000000000000e+02,1.006666666666666643e+01,1.039000000000000000e+03,6.290000000000000000e+02,9.000293612480163574e-01
6.050000000000000000e+02,1.008333333333333393e+01,1.038000000000000000e+03,6.280000000000000000e+02,8.890811204910278320e-01
6.060000000000000000e+02,1.009999999999999964e+01,1.036000000000000000e+03,6.250000000000000000e+02,8.769918680191040039e-01
6.070000000000000000e+02,1.011666666666666714e+01,1.034000000000000000e+03,6.210000000000000000e+02,8.609514832496643066e-01
6.080000000000000000e+02,1.013333333333333286e+01,1.030000000000000000e+03,6.160000000000000000e+02,8.203369975090026855e-01
6.090000000000000000e+02,1.015000000000000036e+01,1.027000000000000000e+03,6.110000000000000000e+02,7.841103672981262207e-01
6.100000000000000000e+02,1.016666666666666607e+01,1.022000000000000000e+03,6.060000000000000000e+02,7.361042499542236328e-01
6.110000000000000000e+02,1.018333333333333357e+01,1.019000000000000000e+03,6.020000000000000000e+02,7.044033408164978027e-01
6.120000000000000000e+02,1.019999999999999929e+01,1.010000000000000000e+03,5.960000000000000000e+02,6.548985242843627930e-01
6.130000000000000000e+02,1.021666666666666679e+01,1.006000000000000000e+03,5.960000000000000000e+02,6.473218202590942383e-01
6.140000000000000000e+02,1.023333333333333250e+01,1.003000000000000000e+03,5.970000000000000000e+02,6.319603919982910156e-01
6.150000000000000000e+02,1.025000000000000000e+01,9.980000000000000000e+02,5.990000000000000000e+02,6.389905810356140137e-01
6.160000000000000000e+02,1.026666666666666750e+01,9.970000000000000000e+02,6.020000000000000000e+02,6.274096965789794922e-01
6.170000000000000000e+02,1.028333333333333321e+01,9.950000000000000000e+02,6.070000000000000000e+02,6.137688159942626953e-01
6.180000000000000000e+02,1.030000000000000071e+01,9.940000000000000000e+02,6.120000000000000000e+02,5.951521992683410645e-01
6.190000000000000000e+02,1.031666666666666643e+01,9.880000000000000000e+02,6.170000000000000000e+02,5.860373377799987793e-01
6.200000000000000000e+02,1.033333333333333393e+01,9.870000000000000000e+02,6.240000000000000000e+02,5.746130943298339844e-01
6.210000000000000000e+02,1.034999999999999964e+01,1.007000000000000000e+03,6.360000000000000000e+02,5.662596225738525391e-01
6.220000000000000000e+02,1.036666666666666714e+01,1.009000000000000000e+03,6.480000000000000000e+02,5.642756223678588867e-01
6.230000000000000000e+02,1.038333333333333286e+01,1.009000000000000000e+03,6.510000000000000000e+02,5.610015988349914551e-01
6.240000000000000000e+02,1.040000000000000036e+01,1.011000000000000000e+03,6.520000000000000000e+02,5.694044828414916992e-01
6.250000000000000000e+02,1.041666666666666607e+01,1.013000000000000000e+03,6.510000000000000000e+02,5.814155340194702148e-01
6.260000000000000000e+02,1.043333333333333357e+01,1.016000000000000000e+03,6.490000000000000000e+02,5.885784029960632324e-01
6.270000000000000000e+02,1.044999999999999929e+01,1.006000000000000000e+03,6.450000000000000000e+02,6.112937927246093750e-01
6.280000000000000000e+02,1.046666666666666679e+01,1.005000000000000000e+03,6.410000000000000000e+02,6.455323100090026855e-01
6.290000000000000000e+02,1.048333333333333250e+01,1.013000000000000000e+03,6.370000000000000000e+02,6.839024424552917480e-01
6.300000000000000000e+02,1.050000000000000000e+01,1.016000000000000000e+03,6.330000000000000000e+02,7.387692332267761230e-01
6.310000000000000000e+02,1.051666666666666750e+01,1.020000000000000000e+03,6.310000000000000000e+02,7.866460084915161133e-01
6.320000000000000000e+02,1.053333333333333321e+01,1.025000000000000000e+03,6.290000000000000000e+02,8.345588445663452148e-01
6.330000000000000000e+02,1.055000000000000071e+01,1.029000000000000000e+03,6.280000000000000000e+02,8.692716360092163086e-01
6.340000000000000000e+02,1.056666666666666643e+01,1.031000000000000000e+03,6.290000000000000000e+02,8.915633559226989746e-01
6.350000000000000000e+02,1.058333333333333393e+01,1.034000000000000000e+03,6.300000000000000000e+02,9.156825542449951172e-01
6.360000000000000000e+02,1.059999999999999964e+01,1.036000000000000000e+03,6.320000000000000000e+02,9.250883460044860840e-01
6.370000000000000000e+02,1.061666666666666714e+01,1.037000000000000000e+03,6.350000000000000000e+02,9.420954585075378418e-01
6.380000000000000000e+02,1.063333333333333286e+01,1.038000000000000000e+03,6.370000000000000000e+02,9.516122341156005859e-01
6.390000000000000000e+02,1.065000000000000036e+01,1.039000000000000000e+03,6.410000000000000000e+02,9.553840756416320801e-01
6.400000000000000000e+02,1.066666666666666607e+01,1.038000000000000000e+03,6.470000000000000000e+02,9.203879237174987793e-01
6.410000000000000000e+02,1.068333333333333357e+01,1.038000000000000000e+03,6.520000000000000000e+02,8.917617797851562500e-01
6.420000000000000000e+02,1.069999999999999929e+01,1.035000000000000000e+03,6.430000000000000000e+02,9.063595533370971680e-01
6.430000000000000000e+02,1.071666666666666679e+01,1.033000000000000000e+03,6.350000000000000000e+02,8.899602890014648438e-01
6.440000000000000000e+02,1.073333333333333250e+01,1.030000000000000000e+03,6.280000000000000000e+02,8.467847108840942383e-01
6.450000000000000000e+02,1.075000000000000000e+01,1.027000000000000000e+03,6.200000000000000000e+02,7.903209924697875977e-01
6.460000000000000000e+02,1.076666666666666750e+01,1.023000000000000000e+03,6.130000000000000000e+02,7.381080389022827148e-01
6.470000000000000000e+02,1.078333333333333321e+01,1.020000000000000000e+03,6.060000000000000000e+02,6.996769309043884277e-01
6.480000000000000000e+02,1.080000000000000071e+01,1.016000000000000000e+03,6.000000000000000000e+02,6.656872630119323730e-01
6.490000000000000000e+02,1.081666666666666643e+01,1.012000000000000000e+03,5.960000000000000000e+02,6.472864151000976562e-01
6.500000000000000000e+02,1.083333333333333393e+01,1.007000000000000000e+03,5.930000000000000000e+02,6.372780203819274902e-01
6.510000000000000000e+02,1.084999999999999964e+01,1.004000000000000000e+03,5.940000000000000000e+02,6.359059214591979980e-01
6.520000000000000000e+02,1.086666666666666714e+01,1.000000000000000000e+03,5.950000000000000000e+02,6.267394423484802246e-01
6.530000000000000000e+02,1.088333333333333286e+01,9.960000000000000000e+02,5.970000000000000000e+02,6.263569593429565430e-01
6.540000000000000000e+02,1.090000000000000036e+01,9.930000000000000000e+02,6.000000000000000000e+02,6.147506237030029297e-01
6.550000000000000000e+02,1.091666666666666607e+01,9.930000000000000000e+02,6.050000000000000000e+02,6.113825440406799316e-01
6.560000000000000000e+02,1.093333333333333357e+01,9.910000000000000000e+02,6.100000000000000000e+02,5.969748497009277344e-01
6.570000000000000000e+02,1.094999999999999929e+01,9.900000000000000000e+02,6.160000000000000000e+02,5.879380106925964355e-01
6.580000000000000000e+02,1.096666666666666679e+01,9.870000000000000000e+02,6.220000000000000000e+02,5.795134902000427246e-01
6.590000000000000000e+02,1.098333333333333250e+01,9.870000000000000000e+02,6.310000000000000000e+02,5.662590265274047852e-01
6.600000000000000000e+02,1.100000000000000000e+01,1.006000000000000000e+03,6.440000000000000000e+02,5.564302206039428711e-01
6.610000000000000000e+02,1.101666666666666750e+01,1.009000000000000000e+03,6.510000000000000000e+02,5.576043128967285156e-01
6.620000000000000000e+02,1.103333333333333321e+01,1.011000000000000000e+03,6.520000000000000000e+02,5.611610412597656250e-01
6.630000000000000000e+02,1.105000000000000071e+01,1.013000000000000000e+03,6.520000000000000000e+02,5.715138316154479980e-01
6.640000000000000000e+02,1.106666666666666643e+01,1.015000000000000000e+03,6.490000000000000000e+02,5.873380899429321289e-01
6.650000000000000000e+02,1.108333333333333393e+01,1.016000000000000000e+03,6.460000000000000000e+02,6.000664830207824707e-01
6.660000000000000000e+02,1.109999999999999964e+01,1.010000000000000000e+03,6.420000000000000000e+02,6.336348056793212891e-01
6.670000000000000000e+02,1.111666666666666714e+01,1.012000000000000000e+03,6.380000000000000000e+02,6.888111233711242676e-01
6.680000000000000000e+02,1.113333333333333286e+01,1.015000000000000000e+03,6.340000000000000000e+02,7.493586540222167969e-01
6.690000000000000000e+02,1.115000000000000036e+01,1.019000000000000000e+03,6.310000000000000000e+02,7.957527041435241699e-01
6.700000000000000000e+02,1.116666666666666607e+01,1.024000000000000000e+03,6.290000000000000000e+02,8.347991108894348145e-01
6.710000000000000000e+02,1.118333333333333357e+01,1.028000000000000000e+03,6.280000000000000000e+02,8.685473203659057617e-01
6.720000000000000000e+02,1.119999999999999929e+01,1.033000000000000000e+03,6.300000000000000000e+02,9.079626798629760742e-01
6.730000000000000000e+02,1.121666666666666679e+01,1.035000000000000000e+03,6.320000000000000000e+02,9.309606552124023438e-01
6.740000000000000000e+02,1.123333333333333250e+01,1.037000000000000000e+03,6.340000000000000000e+02,9.447214007377624512e-01
6.750000000000000000e+02,1.125000000000000000e+01,1.038000000000000000e+03,6.370000000000000000e+02,9.427155852317810059e-01
6.760000000000000000e+02,1.126666666666666750e+01,1.039000000000000000e+03,6.390000000000000000e+02,9.532504677772521973e-01
6.770000000000000000e+02,1.128333333333333321e+01,1.039000000000000000e+03,6.460000000000000000e+02,9.297107458114624023e-01
6.780000000000000000e+02,1.130000000000000071e+01,1.038000000000000000e+03,6.520000000000000000e+02,8.987633585929870605e-01
6.790000000000000000e+02,1.131666666666666643e+01,1.037000000000000000e+03,6.490000000000000000e+02,9.074947834014892578e-01
6.800000000000000000e+02,1.133333333333333393e+01,1.036000000000000000e+03,6.440000000000000000e+02,9.101208448410034180e-01
6.810000000000000000e+02,1.134999999999999964e+01,1.034000000000000000e+03,6.370000000000000000e+02,8.847651481628417969e-01
6.820000000000000000e+02,1.136666666666666714e+01,1.031000000000000000e+03,6.300000000000000000e+02,8.422153592109680176e-01
6.830000000000000000e+02,1.138333333333333286e+01,1.028000000000000000e+03,6.220000000000000000e+02,7.879902124404907227e-01
6.840000000000000000e+02,1.140000000000000036e+01,1.025000000000000000e+03,6.150000000000000000e+02,7.364444732666015625e-01
6.850000000000000000e+02,1.141666666666666607e+01,1.021000000000000000e+03,6.080000000000000000e+02,7.138005495071411133e-01
6.860000000000000000e+02,1.143333333333333357e+01,1.017000000000000000e+03,6.010000000000000000e+02,6.883869171142578125e-01
6.870000000000000000e+02,1.144999999999999929e+01,1.012000000000000000e+03,5.970000000000000000e+02,6.712286472320556641e-01
6.880000000000000000e+02,1.146666666666666679e+01,1.008000000000000000e+03,5.940000000000000000e+02,6.579552888870239258e-01
6.890000000000000000e+02,1.148333333333333250e+01,1.003000000000000000e+03,5.930000000000000000e+02,6.499609947204589844e-01
6.900000000000000000e+02,1.150000000000000000e+01,9.990000000000000000e+02,5.940000000000000000e+02,6.436156034469604492e-01
6.910000000000000000e+02,1.151666666666666750e+01,9.950000000000000000e+02,5.960000000000000000e+02,6.478835940361022949e-01
6.920000000000000000e+02,1.153333333333333321e+01,9.940000000000000000e+02,6.000000000000000000e+02,6.517201662063598633e-01
6.930000000000000000e+02,1.155000000000000071e+01,9.910000000000000000e+02,6.030000000000000000e+02,6.521236300468444824e-01
6.940000000000000000e+02,1.156666666666666643e+01,9.920000000000000000e+02,6.090000000000000000e+02,6.391050815582275391e-01
6.950000000000000000e+02,1.158333333333333393e+01,9.900000000000000000e+02,6.140000000000000000e+02,6.253572106361389160e-01
6.960000000000000000e+02,1.159999999999999964e+01,9.870000000000000000e+02,6.200000000000000000e+02,6.029418110847473145e-01
6.970000000000000000e+02,1.161666666666666714e+01,1.001000000000000000e+03,6.290000000000000000e+02,5.811864733695983887e-01
6.980000000000000000e+02,1.163333333333333286e+01,1.008000000000000000e+03,6.410000000000000000e+02,5.761107802391052246e-01
6.990000000000000000e+02,1.165000000000000036e+01,1.010000000000000000e+03,6.510000000000000000e+02,5.720522999763488770e-01
7.000000000000000000e+02,1.166666666666666607e+01,1.012000000000000000e+03,6.520000000000000000e+02,5.827812552452087402e-01
7.010000000000000000e+02,1.168333333333333357e+01,1.013000000000000000e+03,6.520000000000000000e+02,5.868231654167175293e-01
7.020000000000000000e+02,1.169999999999999929e+01,1.016000000000000000e+03,6.470000000000000000e+02,6.119593977928161621e-01
7.030000000000000000e+02,1.171666666666666679e+01,1.009000000000000000e+03,6.430000000000000000e+02,6.358695030212402344e-01
7.040000000000000000e+02,1.173333333333333250e+01,1.012000000000000000e+03,6.390000000000000000e+02,6.802785396575927734e-01
7.050000000000000000e+02,1.175000000000000000e+01,1.015000000000000000e+03,6.350000000000000000e+02,7.273976206779479980e-01
7.060000000000000000e+02,1.176666666666666750e+01,1.018000000000000000e+03,6.320000000000000000e+02,7.703883647918701172e-01
7.070000000000000000e+02,1.178333333333333321e+01,1.023000000000000000e+03,6.300000000000000000e+02,8.167881965637207031e-01
7.080000000000000000e+02,1.180000000000000071e+01,1.027000000000000000e+03,6.280000000000000000e+02,8.539400696754455566e-01
7.090000000000000000e+02,1.181666666666666643e+01,1.030000000000000000e+03,6.290000000000000000e+02,8.766961097717285156e-01
7.100000000000000000e+02,1.183333333333333393e+01,1.033000000000000000e+03,6.290000000000000000e+02,9.053280353546142578e-01
7.110000000000000000e+02,1.184999999999999964e+01,1.035000000000000000e+03,6.310000000000000000e+02,9.188905954360961914e-01
7.120000000000000000e+02,1.186666666666666714e+01,1.037000000000000000e+03,6.330000000000000000e+02,9.273580908775329590e-01
7.130000000000000000e+02,1.188333333333333286e+01,1.038000000000000000e+03,6.360000000000000000e+02,9.428951740264892578e-01
7.140000000000000000e+02,1.190000000000000036e+01,1.038000000000000000e+03,6.390000000000000000e+02,9.375092387199401855e-01
7.150000000000000000e+02,1.191666666666666607e+01,1.039000000000000000e+03,6.440000000000000000e+02,9.370002150535583496e-01
7.160000000000000000e+02,1.193333333333333357e+01,1.038000000000000000e+03,6.500000000000000000e+02,8.948227763175964355e-01
7.170000000000000000e+02,1.194999999999999929e+01,1.037000000000000000e+03,6.500000000000000000e+02,8.973405957221984863e-01
7.180000000000000000e+02,1.196666666666666679e+01,1.036000000000000000e+03,6.450000000000000000e+02,9.008309245109558105e-01
7.190000000000000000e+02,1.198333333333333250e+01,1.034000000000000000e+03,6.390000000000000000e+02,8.869442939758300781e-01
7.200000000000000000e+02,1.200000000000000000e+01,1.032000000000000000e+03,6.320000000000000000e+02,8.617036342620849609e-01
7.210000000000000000e+02,1.201666666666666750e+01,1.028000000000000000e+03,6.240000000000000000e+02,8.091380000114440918e-01
7.220000000000000000e+02,1.203333333333333321e+01,1.025000000000000000e+03,6.170000000000000000e+02,7.682931423187255859e-01
7.230000000000000000e+02,1.205000000000000071e+01,1.021000000000000000e+03,6.090000000000000000e+02,7.349846959114074707e-01
7.240000000000000000e+02,1.206666666666666643e+01,1.017000000000000000e+03,6.030000000000000000e+02,7.102231383323669434e-01
7.250000000000000000e+02,1.208333333333333393e+01,1.013000000000000000e+03,5.980000000000000000e+02,6.863337755203247070e-01
7.260000000000000000e+02,1.209999999999999964e+01,1.008000000000000000e+03,5.950000000000000000e+02,6.651801466941833496e-01
7.270000000000000000e+02,1.211666666666666714e+01,1.004000000000000000e+03,5.930000000000000000e+02,6.427541375160217285e-01
7.280000000000000000e+02,1.213333333333333286e+01,1.000000000000000000e+03,5.940000000000000000e+02,6.430004239082336426e-01
7.290000000000000000e+02,1.215000000000000036e+01,9.970000000000000000e+02,5.960000000000000000e+02,6.453081369400024414e-01
7.300000000000000000e+02,1.216666666666666607e+01,9.950000000000000000e+02,5.990000000000000000e+02,6.468777656555175781e-01
7.310000000000000000e+02,1.218333333333333357e+01,9.940000000000000000e+02,6.080000000000000000e+02,6.320505142211914062e-01
7.320000000000000000e+02,1.219999999999999929e+01,9.920000000000000000e+02,6.130000000000000000e+02,6.137954592704772949e-01
7.330000000000000000e+02,1.221666666666666679e+01,9.910000000000000000e+02,6.190000000000000000e+02,6.036947369575500488e-01
7.340000000000000000e+02,1.223333333333333250e+01,1.000000000000000000e+03,6.260000000000000000e+02,5.901789069175720215e-01
7.350000000000000000e+02,1.225000000000000000e+01,1.007000000000000000e+03,6.380000000000000000e+02,5.824533104896545410e-01
7.360000000000000000e+02,1.226666666666666750e+01,1.010000000000000000e+03,6.500000000000000000e+02,5.798274874687194824e-01
7.370000000000000000e+02,1.228333333333333321e+01,1.012000000000000000e+03,6.520000000000000000e+02,5.816645026206970215e-01
7.380000000000000000e+02,1.230000000000000071e+01,1.011000000000000000e+03,6.520000000000000000e+02,5.901535749435424805e-01
7.390000000000000000e+02,1.231666666666666643e+01,1.015000000000000000e+03,6.510000000000000000e+02,5.982300043106079102e-01
7.400000000000000000e+02,1.233333333333333393e+01,1.015000000000000000e+03,6.480000000000000000e+02,6.103803515434265137e-01
7.410000000000000000e+02,1.234999999999999964e+01,1.007000000000000000e+03,6.440000000000000000e+02,6.407085061073303223e-01
7.420000000000000000e+02,1.236666666666666714e+01,1.010000000000000000e+03,6.400000000000000000e+02,6.643343567848205566e-01
7.430000000000000000e+02,1.238333333333333286e+01,1.013000000000000000e+03,6.360000000000000000e+02,7.086679339408874512e-01
7.440000000000000000e+02,1.240000000000000036e+01,1.016000000000000000e+03,6.330000000000000000e+02,7.531669735908508301e-01
7.450000000000000000e+02,1.241666666666666607e+01,1.022000000000000000e+03,6.300000000000000000e+02,7.946602106094360352e-01
7.460000000000000000e+02,1.243333333333333357e+01,1.026000000000000000e+03,6.290000000000000000e+02,8.345779180526733398e-01
7.470000000000000000e+02,1.244999999999999929e+01,1.029000000000000000e+03,6.280000000000000000e+02,8.691717386245727539e-01
7.480000000000000000e+02,1.246666666666666679e+01,1.032000000000000000e+03,6.290000000000000000e+02,8.939889073371887207e-01
7.490000000000000000e+02,1.248333333333333250e+01,1.034000000000000000e+03,6.310000000000000000e+02,9.195044040679931641e-01
7.500000000000000000e+02,1.250000000000000000e+01,1.036000000000000000e+03,6.330000000000000000e+02,9.348657131195068359e-01
7.510000000000000000e+02,1.251666666666666750e+01,1.037000000000000000e+03,6.350000000000000000e+02,9.444783329963684082e-01
7.520000000000000000e+02,1.253333333333333321e+01,1.038000000000000000e+03,6.380000000000000000e+02,9.481104612350463867e-01
7.530000000000000000e+02,1.255000000000000071e+01,1.039000000000000000e+03,6.420000000000000000e+02,9.456675052642822266e-01
7.540000000000000000e+02,1.256666666666666643e+01,1.038000000000000000e+03,6.490000000000000000e+02,9.070844054222106934e-01
7.550000000000000000e+02,1.258333333333333393e+01,1.038000000000000000e+03,6.510000000000000000e+02,8.864863514900207520e-01
7.560000000000000000e+02,1.259999999999999964e+01,1.036000000000000000e+03,6.470000000000000000e+02,8.895494937896728516e-01
7.570000000000000000e+02,1.261666666666666714e+01,1.035000000000000000e+03,6.410000000000000000e+02,8.997052907943725586e-01
7.580000000000000000e+02,1.263333333333333286e+01,1.032000000000000000e+03,6.340000000000000000e+02,8.849461674690246582e-01
7.590000000000000000e+02,1.265000000000000036e+01,1.030000000000000000e+03,6.270000000000000000e+02,8.417834043502807617e-01
7.600000000000000000e+02,1.266666666666666607e+01,1.026000000000000000e+03,6.190000000000000000e+02,8.035619854927062988e-01
7.610000000000000000e+02,1.268333333333333357e+01,1.022000000000000000e+03,6.110000000000000000e+02,7.444922327995300293e-01
7.620000000000000000e+02,1.269999999999999929e+01,1.015000000000000000e+03,5.990000000000000000e+02,6.702631711959838867e-01
7.630000000000000000e+02,1.271666666666666679e+01,1.011000000000000000e+03,5.960000000000000000e+02,6.497063636779785156e-01
7.640000000000000000e+02,1.273333333333333250e+01,1.006000000000000000e+03,5.930000000000000000e+02,6.344536542892456055e-01
7.650000000000000000e+02,1.275000000000000000e+01,1.003000000000000000e+03,5.940000000000000000e+02,6.252095103263854980e-01
7.660000000000000000e+02,1.276666666666666750e+01,9.990000000000000000e+02,5.950000000000000000e+02,6.175657510757446289e-01
7.670000000000000000e+02,1.278333333333333321e+01,9.960000000000000000e+02,5.980000000000000000e+02,6.096566915512084961e-01
7.680000000000000000e+02,1.280000000000000071e+01,9.930000000000000000e+02,6.010000000000000000e+02,5.994691252708435059e-01
7.690000000000000000e+02,1.281666666666666643e+01,9.930000000000000000e+02,6.060000000000000000e+02,6.013170480728149414e-01
7.700000000000000000e+02,1.283333333333333393e+01,9.910000000000000000e+02,6.110000000000000000e+02,5.990147590637207031e-01
7.710000000000000000e+02,1.284999999999999964e+01,9.890000000000000000e+02,6.170000000000000000e+02,5.890721082687377930e-01
7.720000000000000000e+02,1.286666666666666714e+01,9.870000000000000000e+02,6.230000000000000000e+02,5.827752351760864258e-01
7.730000000000000000e+02,1.288333333333333286e+01,1.002000000000000000e+03,6.350000000000000000e+02,5.674205422401428223e-01
7.740000000000000000e+02,1.290000000000000036e+01,1.007000000000000000e+03,6.470000000000000000e+02,5.596469640731811523e-01
7.750000000000000000e+02,1.291666666666666607e+01,1.008000000000000000e+03,6.510000000000000000e+02,5.651310682296752930e-01
7.760000000000000000e+02,1.293333333333333357e+01,1.011000000000000000e+03,6.520000000000000000e+02,5.722450017929077148e-01
7.770000000000000000e+02,1.294999999999999929e+01,1.013000000000000000e+03,6.510000000000000000e+02,5.808175802230834961e-01
7.780000000000000000e+02,1.296666666666666679e+01,1.002000000000000000e+03,6.480000000000000000e+02,5.928412079811096191e-01
7.790000000000000000e+02,1.298333333333333250e+01,1.006000000000000000e+03,6.450000000000000000e+02,6.169873476028442383e-01
7.800000000000000000e+02,1.300000000000000000e+01,1.004000000000000000e+03,6.410000000000000000e+02,6.490779519081115723e-01
7.810000000000000000e+02,1.301666666666666750e+01,1.012000000000000000e+03,6.370000000000000000e+02,6.871428489685058594e-01
7.820000000000000000e+02,1.303333333333333321e+01,1.015000000000000000e+03,6.340000000000000000e+02,7.395900487899780273e-01
7.830000000000000000e+02,1.305000000000000071e+01,1.020000000000000000e+03,6.310000000000000000e+02,7.825617790222167969e-01
7.840000000000000000e+02,1.306666666666666643e+01,1.025000000000000000e+03,6.290000000000000000e+02,8.276290297508239746e-01
7.850000000000000000e+02,1.308333333333333393e+01,1.028000000000000000e+03,6.280000000000000000e+02,8.645954728126525879e-01
7.860000000000000000e+02,1.309999999999999964e+01,1.031000000000000000e+03,6.290000000000000000e+02,8.892751932144165039e-01
7.870000000000000000e+02,1.311666666666666714e+01,1.032000000000000000e+03,6.290000000000000000e+02,9.134825468063354492e-01
7.880000000000000000e+02,1.313333333333333286e+01,1.033000000000000000e+03,6.310000000000000000e+02,9.323122501373291016e-01
7.890000000000000000e+02,1.315000000000000036e+01,1.033000000000000000e+03,6.320000000000000000e+02,9.361605644226074219e-01
7.900000000000000000e+02,1.316666666666666607e+01,1.032000000000000000e+03,6.340000000000000000e+02,9.433714747428894043e-01
7.910000000000000000e+02,1.318333333333333357e+01,1.029000000000000000e+03,6.390000000000000000e+02,9.015473723411560059e-01
7.920000000000000000e+02,1.319999999999999929e+01,1.027000000000000000e+03,6.420000000000000000e+02,8.753566741943359375e-01
7.930000000000000000e+02,1.321666666666666679e+01,1.025000000000000000e+03,6.360000000000000000e+02,8.927318453788757324e-01
7.940000000000000000e+02,1.323333333333333250e+01,1.024000000000000000e+03,6.320000000000000000e+02,9.057357311248779297e-01
7.950000000000000000e+02,1.325000000000000000e+01,1.022000000000000000e+03,6.260000000000000000e+02,9.243668913841247559e-01
7.960000000000000000e+02,1.326666666666666750e+01,1.021000000000000000e+03,6.210000000000000000e+02,9.317914843559265137e-01
7.970000000000000000e+02,1.328333333333333321e+01,1.021000000000000000e+03,6.170000000000000000e+02,9.384881854057312012e-01
7.980000000000000000e+02,1.330000000000000071e+01,1.021000000000000000e+03,6.130000000000000000e+02,9.543566703796386719e-01
7.990000000000000000e+02,1.331666666666666643e+01,1.022000000000000000e+03,6.100000000000000000e+02,9.593890309333801270e-01
8.000000000000000000e+02,1.333333333333333393e+01,1.023000000000000000e+03,6.080000000000000000e+02,9.569455385208129883e-01
8.010000000000000000e+02,1.334999999999999964e+01,1.025000000000000000e+03,6.060000000000000000e+02,9.691504836082458496e-01
8.020000000000000000e+02,1.336666666666666714e+01,1.027000000000000000e+03,6.040000000000000000e+02,9.688582420349121094e-01
8.030000000000000000e+02,1.338333333333333286e+01,1.029000000000000000e+03,6.030000000000000000e+02,9.799984693527221680e-01
8.040000000000000000e+02,1.340000000000000036e+01,1.031000000000000000e+03,6.020000000000000000e+02,9.797973632812500000e-01
8.050000000000000000e+02,1.341666666666666607e+01,1.033000000000000000e+03,6.010000000000000000e+02,9.725326895713806152e-01
8.060000000000000000e+02,1.343333333333333357e+01,1.035000000000000000e+03,6.010000000000000000e+02,9.852859377861022949e-01
8.070000000000000000e+02,1.344999999999999929e+01,1.037000000000000000e+03,6.010000000000000000e+02,9.799104928970336914e-01
8.080000000000000000e+02,1.346666666666666679e+01,1.038000000000000000e+03,6.010000000000000000e+02,9.685015678405761719e-01
8.090000000000000000e+02,1.348333333333333250e+01,1.039000000000000000e+03,6.020000000000000000e+02,9.736724495887756348e-01
8.100000000000000000e+02,1.350000000000000000e+01,1.041000000000000000e+03,6.030000000000000000e+02,9.609076976776123047e-01
8.110000000000000000e+02,1.351666666666666750e+01,1.042000000000000000e+03,6.040000000000000000e+02,9.471971988677978516e-01
8.120000000000000000e+02,1.353333333333333321e+01,1.043000000000000000e+03,6.050000000000000000e+02,9.308819174766540527e-01
8.130000000000000000e+02,1.355000000000000071e+01,1.044000000000000000e+03,6.060000000000000000e+02,9.137023687362670898e-01
8.140000000000000000e+02,1.356666666666666643e+01,1.045000000000000000e+03,6.070000000000000000e+02,8.990336060523986816e-01
8.150000000000000000e+02,1.358333333333333393e+01,1.045000000000000000e+03,6.080000000000000000e+02,8.826130628585815430e-01
8.160000000000000000e+02,1.359999999999999964e+01,1.045000000000000000e+03,6.090000000000000000e+02,8.625122308731079102e-01
8.170000000000000000e+02,1.361666666666666714e+01,1.045000000000000000e+03,6.100000000000000000e+02,8.470499515533447266e-01
8.180000000000000000e+02,1.363333333333333286e+01,1.045000000000000000e+03,6.110000000000000000e+02,8.305535912513732910e-01
8.190000000000000000e+02,1.365000000000000036e+01,1.045000000000000000e+03,6.120000000000000000e+02,8.148065209388732910e-01
8.200000000000000000e+02,1.366666666666666607e+01,1.046000000000000000e+03,6.130000000000000000e+02,7.983264327049255371e-01
8.210000000000000000e+02,1.368333333333333357e+01,1.042000000000000000e+03,6.130000000000000000e+02,7.816556096076965332e-01
8.220000000000000000e+02,1.369999999999999929e+01,1.042000000000000000e+03,6.130000000000000000e+02,7.746260166168212891e-01
8.230000000000000000e+02,1.371666666666666679e+01,1.041000000000000000e+03,6.130000000000000000e+02,7.731495499610900879e-01
8.240000000000000000e+02,1.373333333333333250e+01,1.038000000000000000e+03,6.120000000000000000e+02,7.699770331382751465e-01
8.250000000000000000e+02,1.375000000000000000e+01,1.039000000000000000e+03,6.120000000000000000e+02,7.727925181388854980e-01
8.260000000000000000e+02,1.376666666666666750e+01,1.036000000000000000e+03,6.110000000000000000e+02,7.753886580467224121e-01
8.270000000000000000e+02,1.378333333333333321e+01,1.034000000000000000e+03,6.100000000000000000e+02,7.789871692657470703e-01
8.280000000000000000e+02,1.380000000000000071e+01,1.030000000000000000e+03,6.080000000000000000e+02,7.797535657882690430e-01
8.290000000000000000e+02,1.381666666666666643e+01,1.028000000000000000e+03,6.070000000000000000e+02,7.911714911460876465e-01
8.300000000000000000e+02,1.383333333333333393e+01,1.026000000000000000e+03,6.060000000000000000e+02,7.985192537307739258e-01
8.310000000000000000e+02,1.384999999999999964e+01,1.023000000000000000e+03,6.050000000000000000e+02,8.072472810745239258e-01
8.320000000000000000e+02,1.386666666666666714e+01,1.021000000000000000e+03,6.040000000000000000e+02,8.124006986618041992e-01
8.330000000000000000e+02,1.388333333333333286e+01,1.018000000000000000e+03,6.030000000000000000e+02,8.199008703231811523e-01
8.340000000000000000e+02,1.390000000000000036e+01,1.017000000000000000e+03,6.030000000000000000e+02,8.298055529594421387e-01
8.350000000000000000e+02,1.391666666666666607e+01,1.015000000000000000e+03,6.030000000000000000e+02,8.337324261665344238e-01
8.360000000000000000e+02,1.393333333333333357e+01,1.012000000000000000e+03,6.030000000000000000e+02,8.458355665206909180e-01
8.370000000000000000e+02,1.394999999999999929e+01,1.010000000000000000e+03,6.040000000000000000e+02,8.556493520736694336e-01
8.380000000000000000e+02,1.396666666666666679e+01,1.008000000000000000e+03,6.060000000000000000e+02,8.429384231567382812e-01
8.390000000000000000e+02,1.398333333333333250e+01,1.007000000000000000e+03,6.080000000000000000e+02,8.564649224281311035e-01
8.400000000000000000e+02,1.400000000000000000e+01,1.006000000000000000e+03,6.100000000000000000e+02,8.558371067047119141e-01
