node_id,fma_id,canonical_name,side,region,segment,min_x,min_y,min_z,max_x,max_y,max_z,center_x,center_y,center_z
FJ2772,FMA52749,hyoid bone,midline,skull,skull,-0.019524,1.422370,0.094419,0.018283,1.440860,0.129000,-0.000621,1.431615,0.111709
FJ3152,FMA16586,right hip bone,right,pelvis,pelvis,-0.144872,0.752153,0.001119,-0.002790,0.957869,0.139019,-0.073831,0.855011,0.070069
FJ3153,FMA7488,xiphoid process,midline,rib_cage,rib_cage,-0.010338,1.164020,0.198509,0.010604,1.184500,0.213353,0.000133,1.174260,0.205931
FJ3154,FMA10037,tenth thoracic vertebra,midline,spine,spine_thoracic,-0.033657,1.099770,0.007822,0.032245,1.157130,0.084058,-0.000706,1.128450,0.045940
FJ3155,FMA10059,eleventh thoracic vertebra,midline,spine,spine_thoracic,-0.026761,1.075720,0.013009,0.025559,1.129270,0.092532,-0.000601,1.102495,0.052771
FJ3156,FMA10081,twelfth thoracic vertebra,midline,spine,spine_thoracic,-0.022386,1.049960,0.022561,0.021055,1.101590,0.101385,-0.000666,1.075775,0.061973
FJ3157,FMA13072,first lumbar vertebra,midline,spine,spine_lumbar,-0.035780,1.015200,0.029222,0.034461,1.071980,0.109480,-0.000659,1.043590,0.069351
FJ3158,FMA9165,first thoracic vertebra,midline,spine,spine_thoracic,-0.037383,1.347220,0.017087,0.035916,1.376900,0.086872,-0.000733,1.362060,0.051979
FJ3159,FMA13073,second lumbar vertebra,midline,spine,spine_lumbar,-0.040351,0.992316,0.034349,0.039061,1.039760,0.114720,-0.000645,1.016038,0.074534
FJ3160,FMA9187,second thoracic vertebra,midline,spine,spine_thoracic,-0.035922,1.326590,0.012120,0.034578,1.360360,0.082676,-0.000672,1.343475,0.047398
FJ3161,FMA12521,third cervical vertebra,midline,spine,spine_cervical,-0.029843,1.417000,0.038133,0.028539,1.445740,0.087813,-0.000652,1.431370,0.062973
FJ3162,FMA13074,third lumbar vertebra,midline,spine,spine_lumbar,-0.040203,0.967693,0.029514,0.038841,1.009730,0.115353,-0.000681,0.988711,0.072433
FJ3163,FMA9209,third thoracic vertebra,midline,spine,spine_thoracic,-0.032966,1.302230,0.001360,0.031841,1.341850,0.076736,-0.000563,1.322040,0.039048
FJ3164,FMA12522,fourth cervical vertebra,midline,spine,spine_cervical,-0.027753,1.404600,0.040694,0.026378,1.432140,0.089108,-0.000688,1.418370,0.064901
FJ3165,FMA13075,fourth lumbar vertebra,midline,spine,spine_lumbar,-0.042766,0.938664,0.026156,0.041415,0.983402,0.110405,-0.000675,0.961033,0.068281
FJ3166,FMA9248,fourth thoracic vertebra,midline,spine,spine_thoracic,-0.035462,1.277740,0.000198,0.034282,1.321410,0.069605,-0.000590,1.299575,0.034901
FJ3167,FMA12523,fifth cervical vertebra,midline,spine,spine_cervical,-0.029698,1.393770,0.036083,0.028333,1.417990,0.090773,-0.000682,1.405880,0.063428
FJ3168,FMA13076,fifth lumbar vertebra,midline,spine,spine_lumbar,-0.051001,0.904595,0.018245,0.049574,0.954833,0.099076,-0.000714,0.929714,0.058661
FJ3169,FMA9922,fifth thoracic vertebra,midline,spine,spine_thoracic,-0.036151,1.239770,-0.000019,0.034890,1.297270,0.066009,-0.000631,1.268520,0.032995
FJ3170,FMA12524,sixth cervical vertebra,midline,spine,spine_cervical,-0.031265,1.381590,0.029179,0.029948,1.404740,0.091671,-0.000659,1.393165,0.060425
FJ3171,FMA9945,sixth thoracic vertebra,midline,spine,spine_thoracic,-0.036423,1.209380,0.001192,0.035034,1.269080,0.065221,-0.000694,1.239230,0.033207
FJ3172,FMA12525,seventh cervical vertebra,midline,spine,spine_cervical,-0.033229,1.364710,0.021266,0.031932,1.391840,0.090032,-0.000649,1.378275,0.055649
FJ3173,FMA9968,seventh thoracic vertebra,midline,spine,spine_thoracic,-0.037226,1.179300,0.000671,0.036321,1.241800,0.066979,-0.000453,1.210550,0.033825
FJ3174,FMA9991,eighth thoracic vertebra,midline,spine,spine_thoracic,-0.033659,1.153750,0.000932,0.032153,1.213050,0.072028,-0.000753,1.183400,0.036480
FJ3175,FMA10014,ninth thoracic vertebra,midline,spine,spine_thoracic,-0.034395,1.126630,0.006156,0.032998,1.184840,0.077653,-0.000698,1.155735,0.041904
FJ3176,FMA12519,atlas,midline,spine,spine_cervical,-0.041365,1.462210,0.040596,0.040231,1.481430,0.087644,-0.000567,1.471820,0.064120
FJ3177,FMA12520,axis,midline,spine,spine_cervical,-0.025962,1.433170,0.036671,0.024574,1.478350,0.086539,-0.000694,1.455760,0.061605
FJ3178,FMA7487,body of sternum,midline,rib_cage,rib_cage,-0.023615,1.179650,0.165166,0.023956,1.289640,0.213832,0.000170,1.234645,0.189499
FJ3179,FMA32653,distal phalanx of left second toe,left,foot,foot_l,0.132153,-0.070227,0.220864,0.143397,-0.063023,0.234017,0.137775,-0.066625,0.227440
FJ3180,FMA32655,distal phalanx of left third toe,left,foot,foot_l,0.145842,-0.070261,0.212314,0.154841,-0.064368,0.223651,0.150342,-0.067315,0.217983
FJ3181,FMA32657,distal phalanx of left fourth toe,left,foot,foot_l,0.155212,-0.070309,0.195431,0.164075,-0.063455,0.206553,0.159643,-0.066882,0.200992
FJ3182,FMA32651,distal phalanx of left big toe,left,foot,foot_l,0.102504,-0.070006,0.210725,0.125056,-0.059041,0.235919,0.113780,-0.064524,0.223322
FJ3183,FMA23953,distal phalanx of left index finger,left,hand,hand_l,0.301261,0.661851,0.169614,0.311254,0.675567,0.186711,0.306258,0.668709,0.178163
FJ3184,FMA23959,distal phalanx of left little finger,left,hand,hand_l,0.218894,0.676628,0.168420,0.227155,0.689309,0.182284,0.223025,0.682968,0.175352
FJ3185,FMA32659,distal phalanx of left little toe,left,foot,foot_l,0.161261,-0.070480,0.176160,0.169358,-0.065129,0.186545,0.165309,-0.067804,0.181352
FJ3186,FMA23955,distal phalanx of left middle finger,left,hand,hand_l,0.271361,0.653367,0.178084,0.280854,0.666371,0.195089,0.276108,0.659869,0.186587
FJ3187,FMA23957,distal phalanx of left ring finger,left,hand,hand_l,0.245300,0.664812,0.178756,0.253646,0.673899,0.194360,0.249473,0.669355,0.186558
FJ3188,FMA23951,distal phalanx of left thumb,left,hand,hand_l,0.310838,0.719243,0.157241,0.323935,0.742231,0.173273,0.317387,0.730737,0.165257
FJ3189,FMA32652,distal phalanx of right second toe,right,foot,foot_r,-0.143346,-0.070289,0.221012,-0.132348,-0.063053,0.234096,-0.137847,-0.066671,0.227554
FJ3190,FMA32654,distal phalanx of right third toe,right,foot,foot_r,-0.154825,-0.070198,0.212259,-0.145891,-0.064387,0.223666,-0.150358,-0.067292,0.217963
FJ3191,FMA32656,distal phalanx of right fourth toe,right,foot,foot_r,-0.164127,-0.070392,0.195368,-0.155335,-0.063396,0.206535,-0.159731,-0.066894,0.200952
FJ3192,FMA32650,distal phalanx of right big toe,right,foot,foot_r,-0.125119,-0.069898,0.210782,-0.102398,-0.059005,0.236044,-0.113759,-0.064452,0.223413
FJ3193,FMA24460,distal phalanx of right index finger,right,hand,hand_r,-0.311368,0.661846,0.169647,-0.301425,0.675689,0.186730,-0.306396,0.668767,0.178188
FJ3194,FMA24463,distal phalanx of right little finger,right,hand,hand_r,-0.227203,0.676749,0.168171,-0.218895,0.689277,0.181873,-0.223049,0.683013,0.175022
FJ3195,FMA32658,distal phalanx of right little toe,right,foot,foot_r,-0.169327,-0.070354,0.176200,-0.161169,-0.065142,0.186579,-0.165248,-0.067748,0.181390
FJ3196,FMA24461,distal phalanx of right middle finger,right,hand,hand_r,-0.280912,0.653067,0.178205,-0.271365,0.666531,0.195428,-0.276139,0.659799,0.186816
FJ3197,FMA24462,distal phalanx of right ring finger,right,hand,hand_r,-0.253614,0.664869,0.178717,-0.245281,0.674008,0.194380,-0.249447,0.669439,0.186549
FJ3198,FMA24459,distal phalanx of right thumb,right,hand,hand_r,-0.323914,0.719139,0.157135,-0.310263,0.742166,0.173358,-0.317088,0.730653,0.165247
FJ3199,FMA52740,ethmoid,midline,skull,skull,-0.021510,1.497280,0.119816,0.020201,1.532340,0.167200,-0.000654,1.514810,0.143508
FJ3200,FMA52734,frontal bone,midline,skull,skull,-0.063302,1.520890,0.106639,0.061992,1.629940,0.177385,-0.000655,1.575415,0.142012
FJ3201,FMA52749,hyoid bone,midline,skull,skull,-0.019524,1.422370,0.094419,0.018283,1.440860,0.129000,-0.000621,1.431615,0.111709
FJ3225,FMA8472,left tenth rib,left,rib_cage,rib_cage,0.015562,1.022960,0.011355,0.122349,1.158990,0.117715,0.068956,1.090975,0.064535
FJ3226,FMA8532,left eleventh rib,left,rib_cage,rib_cage,0.016279,1.008060,0.017961,0.110054,1.121740,0.096012,0.063167,1.064900,0.056987
FJ3227,FMA8534,left twelfth rib,left,rib_cage,rib_cage,0.016890,1.011330,0.028015,0.085221,1.089160,0.066070,0.051056,1.050245,0.047042
FJ3228,FMA7987,left first rib,left,rib_cage,rib_cage,0.013800,1.310070,0.064417,0.068455,1.370480,0.130420,0.041128,1.340275,0.097418
FJ3229,FMA8012,left second rib,left,rib_cage,rib_cage,0.014735,1.273510,0.050647,0.095661,1.359030,0.167127,0.055198,1.316270,0.108887
FJ3230,FMA8039,left third rib,left,rib_cage,rib_cage,0.012724,1.243840,0.036858,0.107633,1.335980,0.179257,0.060179,1.289910,0.108057
FJ3231,FMA8148,left fourth rib,left,rib_cage,rib_cage,0.012906,1.211100,0.023192,0.116281,1.315350,0.192195,0.064593,1.263225,0.107693
FJ3232,FMA8093,left fifth rib,left,rib_cage,rib_cage,0.014005,1.172170,0.012723,0.125768,1.291320,0.197688,0.069886,1.231745,0.105205
FJ3233,FMA8202,left sixth rib,left,rib_cage,rib_cage,0.012775,1.137900,0.003644,0.133054,1.266830,0.193495,0.072915,1.202365,0.098570
FJ3234,FMA8256,left seventh rib,left,rib_cage,rib_cage,0.012383,1.105190,0.004498,0.135778,1.240250,0.180208,0.074080,1.172720,0.092353
FJ3235,FMA8310,left eighth rib,left,rib_cage,rib_cage,0.012370,1.074650,0.004570,0.131638,1.211320,0.162675,0.072004,1.142985,0.083622
FJ3236,FMA8391,left ninth rib,left,rib_cage,rib_cage,0.014558,1.050090,0.007528,0.127783,1.185360,0.135602,0.071171,1.117725,0.071565
FJ3237,FMA13323,left clavicle,left,arm,shoulder_l,0.008379,1.308530,0.054388,0.143942,1.355180,0.147078,0.076160,1.331855,0.100733
FJ3240,FMA24465,left first metacarpal bone,left,hand,hand_l,0.272353,0.760295,0.123406,0.309625,0.797407,0.153782,0.290989,0.778851,0.138594
FJ3241,FMA24508,left first metatarsal bone,left,foot,foot_l,0.074837,-0.065376,0.129971,0.104378,-0.022141,0.192241,0.089608,-0.043758,0.161106
FJ3243,FMA24467,left second metacarpal bone,left,hand,hand_l,0.261841,0.719042,0.117117,0.292613,0.786869,0.142433,0.277227,0.752956,0.129775
FJ3244,FMA24510,left second metatarsal bone,left,foot,foot_l,0.090589,-0.066164,0.122489,0.121348,-0.018307,0.187371,0.105969,-0.042235,0.154930
FJ3246,FMA24469,left third metacarpal bone,left,hand,hand_l,0.252360,0.720649,0.112410,0.272252,0.785025,0.142813,0.262306,0.752837,0.127611
FJ3247,FMA24512,left third metatarsal bone,left,foot,foot_l,0.098320,-0.066505,0.118141,0.133610,-0.023668,0.180795,0.115965,-0.045086,0.149468
FJ3249,FMA24471,left fourth metacarpal bone,left,hand,hand_l,0.241356,0.725253,0.115898,0.253774,0.785218,0.141911,0.247565,0.755235,0.128905
FJ3250,FMA24514,left fourth metatarsal bone,left,foot,foot_l,0.101773,-0.067391,0.106966,0.142638,-0.032021,0.169425,0.122206,-0.049706,0.138195
FJ3252,FMA24473,left fifth metacarpal bone,left,hand,hand_l,0.225270,0.732031,0.120224,0.245394,0.786759,0.144420,0.235332,0.759395,0.132322
FJ3253,FMA24516,left fifth metatarsal bone,left,foot,foot_l,0.106437,-0.069814,0.089292,0.152375,-0.039773,0.155086,0.129406,-0.054793,0.122189
FJ3256,FMA24498,left calcaneus,left,foot,foot_l,0.045010,-0.068417,0.024207,0.100768,-0.019071,0.094142,0.072889,-0.043744,0.059174
FJ3257,FMA24447,left capitate,left,hand,hand_l,0.248610,0.782164,0.110573,0.264288,0.804588,0.127351,0.256449,0.793376,0.118962
FJ3258,FMA24529,left cuboid bone,left,foot,foot_l,0.081965,-0.051522,0.083163,0.115134,-0.021853,0.116685,0.098550,-0.036688,0.099924
FJ3259,FMA24475,left femur,left,leg,thigh_l,0.031966,0.368056,0.049482,0.150237,0.834239,0.112276,0.091102,0.601148,0.080879
FJ3260,FMA24481,left fibula,left,leg,lower_leg_l,0.084529,-0.025191,0.048534,0.120108,0.359131,0.078119,0.102319,0.166970,0.063327
FJ3261,FMA24449,left hamate,left,hand,hand_l,0.236597,0.781256,0.111322,0.251570,0.800631,0.133982,0.244084,0.790944,0.122652
FJ3262,FMA23131,left humerus,left,arm,upper_arm_l,0.140073,1.029210,0.051056,0.240760,1.336520,0.100229,0.190416,1.182865,0.075642
FJ3263,FMA54738,left inferior nasal concha,left,skull,skull,0.004591,1.482660,0.133951,0.015940,1.498050,0.169480,0.010266,1.490355,0.151716
FJ3264,FMA24524,left intermediate cuneiform bone,left,foot,foot_l,0.082014,-0.034429,0.109632,0.101955,-0.011310,0.130330,0.091984,-0.022870,0.119981
FJ3265,FMA53646,left lacrimal bone,left,skull,skull,0.007319,1.497870,0.150764,0.017931,1.526880,0.164732,0.012625,1.512375,0.157748
FJ3267,FMA24526,left lateral cuneiform bone,left,foot,foot_l,0.087226,-0.040627,0.100898,0.112885,-0.014815,0.125146,0.100056,-0.027721,0.113022
FJ3268,FMA24438,left lunate,left,hand,hand_l,0.236339,0.797222,0.110628,0.252883,0.809888,0.127131,0.244611,0.803555,0.118879
FJ3269,FMA53650,left maxilla,left,skull,skull,-0.003068,1.463990,0.126814,0.045795,1.533290,0.182880,0.021364,1.498640,0.154847
FJ3271,FMA24522,left medial cuneiform bone,left,foot,foot_l,0.066043,-0.045144,0.112061,0.094109,-0.014192,0.140519,0.080076,-0.029668,0.126290
FJ3272,FMA53648,left nasal bone,left,skull,skull,-0.002522,1.501850,0.169290,0.007200,1.533490,0.189467,0.002339,1.517670,0.179378
FJ3273,FMA53656,left palatine bone,left,skull,skull,-0.001543,1.470160,0.103322,0.027458,1.513400,0.149962,0.012958,1.491780,0.126642
FJ3274,FMA52789,left parietal bone,left,skull,skull,-0.007868,1.517800,-0.014952,0.074856,1.636270,0.131686,0.033494,1.577035,0.058367
FJ3275,FMA24487,left patella,left,leg,knee_l,0.060593,0.361497,0.100901,0.102224,0.400763,0.122751,0.081408,0.381130,0.111826
FJ3276,FMA24442,left pisiform,left,hand,hand_l,0.231838,0.789725,0.127031,0.240030,0.801277,0.137589,0.235934,0.795501,0.132310
FJ3277,FMA23465,left radius,left,arm,forearm_l,0.219836,0.806163,0.061469,0.279143,1.035010,0.127252,0.249489,0.920586,0.094361
FJ3278,FMA24436,left scaphoid,left,hand,hand_l,0.249452,0.796220,0.111527,0.272977,0.811682,0.126444,0.261215,0.803951,0.118985
FJ3279,FMA13396,left scapula,left,arm,shoulder_l,0.057061,1.183950,-0.005076,0.166464,1.349860,0.102845,0.111763,1.266905,0.048884
FJ3280,FMA24483,left talus,left,foot,foot_l,0.049635,-0.031306,0.048814,0.090178,0.003098,0.105677,0.069907,-0.014104,0.077246
FJ3281,FMA52739,left temporal bone,left,skull,skull,0.011624,1.475480,0.035070,0.072585,1.551460,0.133567,0.042105,1.513470,0.084319
FJ3282,FMA24478,left tibia,left,leg,lower_leg_l,0.035034,-0.006095,0.051982,0.109455,0.373862,0.114515,0.072245,0.183883,0.083249
FJ3283,FMA24444,left trapezium,left,hand,hand_l,0.264781,0.785747,0.117710,0.281795,0.805793,0.134554,0.273288,0.795770,0.126132
FJ3284,FMA24445,left trapezoid,left,hand,hand_l,0.262253,0.782722,0.113645,0.273289,0.795270,0.128450,0.267771,0.788996,0.121047
FJ3285,FMA24440,left triquetral,left,hand,hand_l,0.231821,0.788949,0.114425,0.242731,0.802520,0.129807,0.237276,0.795735,0.122116
FJ3286,FMA23468,left ulna,left,arm,forearm_l,0.196892,0.805016,0.044552,0.247120,1.052470,0.123279,0.222006,0.928743,0.083916
FJ3287,FMA52893,left zygomatic bone,left,skull,skull,0.031893,1.480620,0.121743,0.063244,1.536740,0.161432,0.047569,1.508680,0.141588
FJ3288,FMA16587,left hip bone,left,pelvis,pelvis,0.002750,0.751951,0.001315,0.144754,0.958090,0.139095,0.073752,0.855020,0.070205
FJ3289,FMA52748,mandible,midline,skull,skull,-0.053846,1.421630,0.089854,0.052554,1.506100,0.173832,-0.000646,1.463865,0.131843
FJ3290,FMA7486,manubrium,midline,rib_cage,rib_cage,-0.027450,1.280270,0.130801,0.027450,1.325250,0.178588,0.000000,1.302760,0.154695
FJ3291,FMA23942,middle phalanx of left ring finger,left,hand,hand_l,0.242782,0.669821,0.156794,0.254532,0.693684,0.180547,0.248657,0.681752,0.168671
FJ3292,FMA24457,middle phalanx of right ring finger,right,hand,hand_r,-0.254293,0.669704,0.156536,-0.242763,0.693604,0.180567,-0.248528,0.681654,0.168552
FJ3293,FMA32643,middle phalanx of left second toe,left,foot,foot_l,0.125127,-0.067954,0.207529,0.139212,-0.059341,0.224629,0.132169,-0.063647,0.216079
FJ3294,FMA32645,middle phalanx of left third toe,left,foot,foot_l,0.138915,-0.068984,0.198911,0.151811,-0.061109,0.215852,0.145363,-0.065046,0.207381
FJ3295,FMA32647,middle phalanx of left fourth toe,left,foot,foot_l,0.149044,-0.069792,0.185433,0.161390,-0.061969,0.198779,0.155217,-0.065881,0.192106
FJ3296,FMA23938,middle phalanx of left index finger,left,hand,hand_l,0.294389,0.670975,0.151256,0.309001,0.691453,0.172057,0.301695,0.681214,0.161656
FJ3297,FMA23944,middle phalanx of left little finger,left,hand,hand_l,0.218921,0.687466,0.154912,0.230299,0.707061,0.171479,0.224610,0.697264,0.163196
FJ3298,FMA230988,middle phalanx of left little toe,left,foot,foot_l,0.158100,-0.070054,0.171552,0.166674,-0.063780,0.178954,0.162387,-0.066917,0.175253
FJ3299,FMA23940,middle phalanx of left middle finger,left,hand,hand_l,0.266517,0.662409,0.157858,0.280205,0.687767,0.180876,0.273361,0.675088,0.169367
FJ3300,FMA32642,middle phalanx of right second toe,right,foot,foot_r,-0.139355,-0.068010,0.207648,-0.125237,-0.059404,0.224688,-0.132296,-0.063707,0.216168
FJ3301,FMA32644,middle phalanx of right third toe,right,foot,foot_r,-0.151726,-0.068831,0.198867,-0.138889,-0.060914,0.215745,-0.145308,-0.064873,0.207306
FJ3302,FMA32646,middle phalanx of right fourth toe,right,foot,foot_r,-0.161342,-0.069889,0.185435,-0.149071,-0.061935,0.198806,-0.155207,-0.065912,0.192121
FJ3303,FMA24455,middle phalanx of right index finger,right,hand,hand_r,-0.309000,0.671006,0.151309,-0.294400,0.691476,0.172083,-0.301700,0.681241,0.161696
FJ3304,FMA24458,middle phalanx of right little finger,right,hand,hand_r,-0.230545,0.687570,0.154823,-0.218935,0.707155,0.171439,-0.224740,0.697362,0.163131
FJ3305,FMA230986,middle phalanx of right little toe,right,foot,foot_r,-0.166690,-0.070090,0.171450,-0.158080,-0.063739,0.178818,-0.162385,-0.066915,0.175134
FJ3306,FMA24456,middle phalanx of right middle finger,right,hand,hand_r,-0.280202,0.662457,0.157799,-0.266588,0.687807,0.180934,-0.273395,0.675132,0.169367
FJ3307,FMA24501,navicular bone of left foot,left,foot,foot_l,0.057930,-0.030974,0.094276,0.096644,-0.006297,0.121097,0.077287,-0.018636,0.107686
FJ3308,FMA24500,navicular bone of right foot,right,foot,foot_r,-0.096754,-0.030776,0.094329,-0.058190,-0.006156,0.120993,-0.077472,-0.018466,0.107661
FJ3309,FMA52735,occipital bone,midline,skull,skull,-0.061961,1.477770,-0.018001,0.060705,1.584510,0.100959,-0.000628,1.531140,0.041479
FJ3310,FMA43253,proximal phalanx of right big toe,right,foot,foot_r,-0.117196,-0.068639,0.186070,-0.086660,-0.051409,0.219289,-0.101928,-0.060024,0.202679
FJ3311,FMA32637,proximal phalanx of left third toe,left,foot,foot_l,0.125132,-0.067698,0.174617,0.145808,-0.055913,0.202834,0.135470,-0.061806,0.188725
FJ3312,FMA32639,proximal phalanx of left fourth toe,left,foot,foot_l,0.134309,-0.069705,0.164428,0.155900,-0.056525,0.188425,0.145105,-0.063115,0.176426
FJ3313,FMA71915,proximal phalanx of left index finger,left,hand,hand_l,0.280814,0.685721,0.134089,0.302810,0.723356,0.157057,0.291812,0.704538,0.145573
FJ3314,FMA66791,proximal phalanx of left little finger,left,hand,hand_l,0.222227,0.703385,0.138668,0.236294,0.735790,0.159461,0.229261,0.719588,0.149065
FJ3315,FMA32641,proximal phalanx of left little toe,left,foot,foot_l,0.142938,-0.069809,0.148775,0.164790,-0.059987,0.174019,0.153864,-0.064898,0.161397
FJ3316,FMA71908,proximal phalanx of left middle finger,left,hand,hand_l,0.259201,0.684299,0.135192,0.277380,0.724966,0.164096,0.268290,0.704632,0.149644
FJ3317,FMA71916,proximal phalanx of left ring finger,left,hand,hand_l,0.240492,0.690052,0.135709,0.253886,0.728958,0.161930,0.247189,0.709505,0.148819
FJ3318,FMA65470,proximal phalanx of left thumb,left,hand,hand_l,0.298694,0.735529,0.142629,0.318619,0.767168,0.164753,0.308657,0.751348,0.153691
FJ3319,FMA32634,proximal phalanx of right second toe,right,foot,foot_r,-0.133565,-0.066874,0.183555,-0.111346,-0.054546,0.211680,-0.122455,-0.060710,0.197618
FJ3320,FMA32636,proximal phalanx of right third toe,right,foot,foot_r,-0.145902,-0.067645,0.174436,-0.125076,-0.056204,0.202841,-0.135489,-0.061925,0.188639
FJ3321,FMA32638,proximal phalanx of right fourth toe,right,foot,foot_r,-0.155930,-0.069741,0.164379,-0.134339,-0.056499,0.188428,-0.145134,-0.063120,0.176403
FJ3322,FMA24451,proximal phalanx of right index finger,right,hand,hand_r,-0.302765,0.685819,0.134093,-0.280952,0.723197,0.156758,-0.291859,0.704508,0.145425
FJ3323,FMA24454,proximal phalanx of right little finger,right,hand,hand_r,-0.236329,0.703356,0.138721,-0.222152,0.735956,0.159523,-0.229241,0.719656,0.149122
FJ3324,FMA32640,proximal phalanx of right little toe,right,foot,foot_r,-0.164837,-0.069893,0.148711,-0.142885,-0.060047,0.174084,-0.153861,-0.064970,0.161398
FJ3325,FMA24452,proximal phalanx of right middle finger,right,hand,hand_r,-0.277414,0.684281,0.135112,-0.259208,0.724861,0.164201,-0.268311,0.704571,0.149656
FJ3326,FMA24453,proximal phalanx of right ring finger,right,hand,hand_r,-0.253824,0.689968,0.135658,-0.240591,0.728932,0.161977,-0.247208,0.709450,0.148817
FJ3327,FMA24450,proximal phalanx of right thumb,right,hand,hand_r,-0.318809,0.735607,0.142653,-0.298649,0.767198,0.164883,-0.308729,0.751402,0.153768
FJ3328,FMA32635,proximal phalanx of left second toe,left,foot,foot_l,0.111449,-0.066840,0.183485,0.133493,-0.054470,0.211624,0.122471,-0.060655,0.197555
FJ3329,FMA43254,proximal phalanx of left big toe,left,foot,foot_l,0.086703,-0.068415,0.186036,0.117082,-0.051552,0.219271,0.101893,-0.059984,0.202653
FJ3330,FMA8445,right tenth rib,right,rib_cage,rib_cage,-0.123648,1.022980,0.011359,-0.016873,1.158980,0.117687,-0.070260,1.090980,0.064523
FJ3331,FMA8531,right eleventh rib,right,rib_cage,rib_cage,-0.111353,1.008080,0.017962,-0.017596,1.121730,0.096018,-0.064475,1.064905,0.056990
FJ3332,FMA8533,right twelfth rib,right,rib_cage,rib_cage,-0.086533,1.011340,0.027992,-0.018212,1.089170,0.066097,-0.052373,1.050255,0.047045
FJ3334,FMA7857,right first rib,right,rib_cage,rib_cage,-0.069764,1.310070,0.064415,-0.015111,1.370480,0.130424,-0.042437,1.340275,0.097419
FJ3336,FMA7882,right second rib,right,rib_cage,rib_cage,-0.096972,1.273550,0.050653,-0.016049,1.359030,0.167157,-0.056511,1.316290,0.108905
FJ3338,FMA7909,right third rib,right,rib_cage,rib_cage,-0.108947,1.243820,0.036829,-0.014024,1.335970,0.179268,-0.061485,1.289895,0.108049
FJ3340,FMA7957,right fourth rib,right,rib_cage,rib_cage,-0.117593,1.211100,0.023195,-0.015012,1.315350,0.192192,-0.066302,1.263225,0.107693
FJ3342,FMA8066,right fifth rib,right,rib_cage,rib_cage,-0.127079,1.172160,0.012728,-0.015314,1.291320,0.197651,-0.071197,1.231740,0.105189
FJ3344,FMA8175,right sixth rib,right,rib_cage,rib_cage,-0.134349,1.137910,0.003641,-0.014837,1.265700,0.193505,-0.074593,1.201805,0.098573
FJ3346,FMA8229,right seventh rib,right,rib_cage,rib_cage,-0.137085,1.105190,0.004487,-0.013690,1.240270,0.180203,-0.075387,1.172730,0.092345
FJ3347,FMA8283,right eighth rib,right,rib_cage,rib_cage,-0.132968,1.074660,0.004564,-0.013677,1.211330,0.162678,-0.073322,1.142995,0.083621
FJ3348,FMA8364,right ninth rib,right,rib_cage,rib_cage,-0.129098,1.050090,0.007529,-0.015865,1.185370,0.135632,-0.072481,1.117730,0.071581
FJ3349,FMA23464,right radius,right,arm,forearm_r,-0.279535,0.805835,0.061103,-0.219833,1.035050,0.126908,-0.249684,0.920443,0.094005
FJ3350,FMA24464,right first metacarpal bone,right,hand,hand_r,-0.309577,0.760281,0.123627,-0.272236,0.797238,0.153861,-0.290906,0.778760,0.138744
FJ3351,FMA24507,right first metatarsal bone,right,foot,foot_r,-0.104365,-0.065329,0.129944,-0.074814,-0.022120,0.192182,-0.089589,-0.043725,0.161063
FJ3352,FMA24466,right second metacarpal bone,right,hand,hand_r,-0.292687,0.718871,0.117057,-0.261820,0.786869,0.142787,-0.277254,0.752870,0.129922
FJ3353,FMA24509,right second metatarsal bone,right,foot,foot_r,-0.121273,-0.066318,0.122448,-0.090657,-0.018325,0.187406,-0.105965,-0.042321,0.154927
FJ3354,FMA24468,right third metacarpal bone,right,hand,hand_r,-0.272346,0.720840,0.112326,-0.252486,0.785262,0.142733,-0.262416,0.753051,0.127529
FJ3355,FMA24511,right third metatarsal bone,right,foot,foot_r,-0.133596,-0.066377,0.118361,-0.098322,-0.023672,0.180857,-0.115959,-0.045025,0.149609
FJ3356,FMA24470,right fourth metacarpal bone,right,hand,hand_r,-0.253741,0.725279,0.115917,-0.241426,0.785158,0.141971,-0.247584,0.755219,0.128944
FJ3357,FMA24513,right fourth metatarsal bone,right,foot,foot_r,-0.142670,-0.067344,0.106976,-0.101867,-0.031959,0.169684,-0.122269,-0.049651,0.138330
FJ3358,FMA24472,right fifth metacarpal bone,right,hand,hand_r,-0.245314,0.732016,0.120076,-0.225202,0.786919,0.144520,-0.235258,0.759467,0.132298
FJ3359,FMA24515,right fifth metatarsal bone,right,foot,foot_r,-0.152331,-0.069820,0.089382,-0.106458,-0.039879,0.155078,-0.129394,-0.054849,0.122230
FJ3360,FMA24497,right calcaneus,right,foot,foot_r,-0.100781,-0.068491,0.024005,-0.044876,-0.019155,0.094148,-0.072828,-0.043823,0.059077
FJ3361,FMA24446,right capitate,right,hand,hand_r,-0.264482,0.782191,0.110534,-0.248401,0.804597,0.127492,-0.256442,0.793394,0.119013
FJ3362,FMA13322,right clavicle,right,arm,shoulder_r,-0.145277,1.308620,0.054413,-0.009662,1.355440,0.146948,-0.077469,1.332030,0.100680
FJ3364,FMA24528,right cuboid bone,right,foot,foot_r,-0.115085,-0.051122,0.083733,-0.082367,-0.022088,0.116768,-0.098726,-0.036605,0.100250
FJ3365,FMA24474,right femur,right,leg,thigh_r,-0.150134,0.368150,0.049530,-0.031894,0.834252,0.112192,-0.091014,0.601201,0.080861
FJ3366,FMA24480,right fibula,right,leg,lower_leg_r,-0.120165,-0.025280,0.048487,-0.084345,0.359150,0.078169,-0.102255,0.166935,0.063328
FJ3367,FMA24448,right hamate,right,hand,hand_r,-0.251928,0.781293,0.111406,-0.236600,0.800653,0.133931,-0.244264,0.790973,0.122669
FJ3368,FMA23130,right humerus,right,arm,upper_arm_r,-0.240841,1.029200,0.051039,-0.140090,1.336540,0.100219,-0.190466,1.182870,0.075629
FJ3369,FMA54737,right inferior nasal concha,right,skull,skull,-0.016532,1.478520,0.129961,-0.006688,1.498480,0.166327,-0.011610,1.488500,0.148144
FJ3370,FMA24523,right intermediate cuneiform bone,right,foot,foot_r,-0.102007,-0.034437,0.109585,-0.081860,-0.011385,0.130534,-0.091933,-0.022911,0.120059
FJ3371,FMA53645,right lacrimal bone,right,skull,skull,-0.018042,1.501880,0.150947,-0.007486,1.527350,0.165510,-0.012764,1.514615,0.158228
FJ3373,FMA24525,right lateral cuneiform bone,right,foot,foot_r,-0.112875,-0.040564,0.100838,-0.087198,-0.014856,0.125232,-0.100037,-0.027710,0.113035
FJ3374,FMA24437,right lunate,right,hand,hand_r,-0.252724,0.797461,0.110635,-0.236202,0.809820,0.126924,-0.244463,0.803640,0.118780
FJ3375,FMA53649,right maxilla,right,skull,skull,-0.047611,1.463990,0.129374,-0.000251,1.533350,0.184029,-0.023931,1.498670,0.156701
FJ3377,FMA24521,right medial cuneiform bone,right,foot,foot_r,-0.094128,-0.045273,0.111982,-0.066004,-0.014230,0.140507,-0.080066,-0.029751,0.126245
FJ3378,FMA53647,right nasal bone,right,skull,skull,-0.009149,1.501170,0.169585,-0.000741,1.533190,0.190833,-0.004945,1.517180,0.180209
FJ3379,FMA53655,right palatine bone,right,skull,skull,-0.028810,1.470450,0.103313,0.000147,1.513340,0.149907,-0.014332,1.491895,0.126610
FJ3380,FMA52788,right parietal bone,right,skull,skull,-0.076189,1.517880,-0.014831,0.005002,1.636270,0.127886,-0.035593,1.577075,0.056527
FJ3381,FMA24486,right patella,right,leg,knee_r,-0.102288,0.361486,0.100992,-0.060621,0.400796,0.122727,-0.081454,0.381141,0.111860
FJ3382,FMA24441,right pisiform,right,hand,hand_r,-0.240220,0.789675,0.127249,-0.231956,0.801325,0.137658,-0.236088,0.795500,0.132454
FJ3383,FMA24435,right scaphoid,right,hand,hand_r,-0.273060,0.796354,0.111574,-0.249332,0.811790,0.126663,-0.261196,0.804072,0.119119
FJ3384,FMA13395,right scapula,right,arm,shoulder_r,-0.166464,1.183960,-0.005083,-0.057054,1.349860,0.102856,-0.111759,1.266910,0.048887
FJ3385,FMA24482,right talus,right,foot,foot_r,-0.090114,-0.031156,0.048754,-0.049627,0.003111,0.105569,-0.069870,-0.014023,0.077162
FJ3386,FMA52738,right temporal bone,right,skull,skull,-0.073989,1.475570,0.035013,-0.012695,1.551530,0.133736,-0.043342,1.513550,0.084374
FJ3387,FMA24477,right tibia,right,leg,lower_leg_r,-0.109353,-0.006037,0.052073,-0.035216,0.373920,0.114835,-0.072285,0.183941,0.083454
FJ3388,FMA24443,right trapezium,right,hand,hand_r,-0.281722,0.785805,0.117730,-0.264938,0.805733,0.134576,-0.273330,0.795769,0.126153
FJ3389,FMA23725,right trapezoid,right,hand,hand_r,-0.273261,0.782865,0.113527,-0.262140,0.795311,0.128388,-0.267701,0.789088,0.120957
FJ3390,FMA24439,right triquetral,right,hand,hand_r,-0.242766,0.788769,0.114631,-0.232157,0.802590,0.129736,-0.237461,0.795680,0.122184
FJ3391,FMA23467,right ulna,right,arm,forearm_r,-0.247179,0.805173,0.044799,-0.196881,1.052450,0.123494,-0.222030,0.928812,0.084147
FJ3392,FMA52892,right zygomatic bone,right,skull,skull,-0.064578,1.480640,0.121774,-0.033235,1.536640,0.161453,-0.048906,1.508640,0.141614
FJ3393,FMA16202,sacrum,midline,pelvis,pelvis,-0.059591,0.782837,-0.007254,0.058203,0.927200,0.081396,-0.000694,0.855019,0.037071
FJ3394,FMA52736,sphenoid bone,midline,skull,skull,-0.056320,1.478910,0.090413,0.055033,1.548460,0.145019,-0.000643,1.513685,0.117716
FJ3395,FMA9710,vomer,midline,skull,skull,-0.006111,1.474590,0.110747,0.004811,1.518110,0.165807,-0.000650,1.496350,0.138277
